filename,width,height,class,ymin,xmin,ymax,xmax
membrane_0.png,1400,1650,membrane,645.8199999999999,819.28,747.78,887.86
membrane_1.png,1400,1650,membrane,815.36,784.98,907.4300000000001,861.08
