filename,width,height,class,ymin,xmin,ymax,xmax
particles_0.png,1400,1650,particles,78.06796125258185,318.2346477588155,109.86102050016255,361.25110937916327
particles_1.png,1400,1650,particles,259.38583033133193,1101.4327473350206,339.569801266604,1219.4282956684401
