filename,width,height,class,ymin,xmin,ymax,xmax
particles_0.png,1400,1650,particles,72.51175941706799,728.3501679866968,113.29133897916331,799.500890843161
particles_1.png,1400,1650,particles,1118.0468982880463,309.88339255388865,1202.9001073843754,350.41376972500547
