filename,width,height,class,ymin,xmin,ymax,xmax
particles_0.png,1400,1650,particles,1159.7675350141542,552.5018655865775,1295.1593480250804,656.9107362797704
