filename,width,height,class,ymin,xmin,ymax,xmax
particles_0.png,1400,1650,particles,988.5745876826784,863.737857747542,1076.0920666460804,947.976115795886
particles_1.png,1400,1650,particles,1067.030724592876,811.1576363325389,1178.1210676843493,913.3132300229746
